Workbook

Sheet Document Register
A1: LIBERTY LIVING HOMECARE — DOCUMENT CONTROL REGISTER
A3: Code | B3: Title | C3: Section | D3: Owner | E3: Approved by | F3: Version | G3: Effective from | H3: Review due | I3: Days to review | J3: Status | K3: Staff sign-off %
A4: GOV-01 | B4: Mission Statement | C4: Governance | D4: CEO | E4: CEO Shauna Delaney | F4: Current | H4: 47173 | I4: =IF(H4="","",H4-TODAY()) -> 1015 | J4: =IF(H4="","No review date",IF(I4<0,"OVERDUE",IF(I4<=30,"Due <30 days",IF(I4<=90,"Due <90 days","Current")))) -> Current
A5: GOV-11 | B5: Business Continuity Planning Policy | C5: Governance | D5: Director of Operations | E5: CEO Shauna Delaney | F5: Current | H5: 46420 | I5: =IF(H5="","",H5-TODAY()) -> 262 | J5: =IF(H5="","No review date",IF(I5<0,"OVERDUE",IF(I5<=30,"Due <30 days",IF(I5<=90,"Due <90 days","Current")))) -> Current
A6: GOV-12 | B6: Service User Guide | C6: Governance | D6: Director of Quality | E6: CEO Shauna Delaney | F6: Current | H6: 47168 | I6: =IF(H6="","",H6-TODAY()) -> 1010 | J6: =IF(H6="","No review date",IF(I6<0,"OVERDUE",IF(I6<=30,"Due <30 days",IF(I6<=90,"Due <90 days","Current")))) -> Current
A7: GOV-21 | B7: Statement of Purpose | C7: Governance | D7: CEO | E7: CEO Shauna Delaney | F7: Current | H7: 47130 | I7: =IF(H7="","",H7-TODAY()) -> 972 | J7: =IF(H7="","No review date",IF(I7<0,"OVERDUE",IF(I7<=30,"Due <30 days",IF(I7<=90,"Due <90 days","Current")))) -> Current
A8: GOV-25 | B8: Service Delivery for HSE Home Support Services Policy and Procedure | C8: Governance | D8: Director of Quality | E8: CEO Shauna Delaney | F8: Current | H8: 46433 | I8: =IF(H8="","",H8-TODAY()) -> 275 | J8: =IF(H8="","No review date",IF(I8<0,"OVERDUE",IF(I8<=30,"Due <30 days",IF(I8<=90,"Due <90 days","Current")))) -> Current
A9: GOV-35 | B9: Clinical Governance Framework | C9: Governance | D9: CEO (Implementation: Director of Quality & Compliance) | E9: CEO Shauna Delaney | F9: Current | H9: 46392 | I9: =IF(H9="","",H9-TODAY()) -> 234 | J9: =IF(H9="","No review date",IF(I9<0,"OVERDUE",IF(I9<=30,"Due <30 days",IF(I9<=90,"Due <90 days","Current")))) -> Current
A10: GOV-36 | B10: Engagement with External Agencies Policy | C10: Governance | D10: Director of Operations | E10: CEO Shauna Delaney | F10: Current | H10: 47151 | I10: =IF(H10="","",H10-TODAY()) -> 993 | J10: =IF(H10="","No review date",IF(I10<0,"OVERDUE",IF(I10<=30,"Due <30 days",IF(I10<=90,"Due <90 days","Current")))) -> Current
A11: CARE-02 | B11: Autonomy and Service User Rights Policy | C11: Care | D11: Director of Quality | E11: CEO Shauna Delaney | F11: Current | H11: 47124 | I11: =IF(H11="","",H11-TODAY()) -> 966 | J11: =IF(H11="","No review date",IF(I11<0,"OVERDUE",IF(I11<=30,"Due <30 days",IF(I11<=90,"Due <90 days","Current")))) -> Current
A12: CARE-06 | B12: Consent Policy (Incorporating Assisted Decision-Making (Capacity) Act 2015) | C12: Care | D12: Clinical Lead | E12: CEO Shauna Delaney | F12: Current | H12: 47140 | I12: =IF(H12="","",H12-TODAY()) -> 982 | J12: =IF(H12="","No review date",IF(I12<0,"OVERDUE",IF(I12<=30,"Due <30 days",IF(I12<=90,"Due <90 days","Current")))) -> Current
A13: CARE-08 | B13: Assessment and Care Planning Policy and Procedure | C13: Care | D13: Clinical Lead | E13: CEO Shauna Delaney | F13: Current | H13: 47173 | I13: =IF(H13="","",H13-TODAY()) -> 1015 | J13: =IF(H13="","No review date",IF(I13<0,"OVERDUE",IF(I13<=30,"Due <30 days",IF(I13<=90,"Due <90 days","Current")))) -> Current
A14: CARE-09 | B14: Financial Abuse Policy | C14: Care | D14: Director of Care | E14: CEO Shauna Delaney | F14: Current | H14: 47152 | I14: =IF(H14="","",H14-TODAY()) -> 994 | J14: =IF(H14="","No review date",IF(I14<0,"OVERDUE",IF(I14<=30,"Due <30 days",IF(I14<=90,"Due <90 days","Current")))) -> Current
A15: CARE-17 | B15: Managing Service User Money and Property Policy | C15: Care | D15: Director of Care | E15: CEO Shauna Delaney | F15: Current | H15: 47134 | I15: =IF(H15="","",H15-TODAY()) -> 976 | J15: =IF(H15="","No review date",IF(I15<0,"OVERDUE",IF(I15<=30,"Due <30 days",IF(I15<=90,"Due <90 days","Current")))) -> Current
... A42: QA-37 | B42: Protected Disclosures Policy | C42: Quality Assurance | D42: Director of Quality | E42: CEO Shauna Delaney | F42: Current | H42: 47170 | I42: =IF(H42="","",H42-TODAY()) -> 1012 | J42: =IF(H42="","No review date",IF(I42<0,"OVERDUE",IF(I42<=30,"Due <30 days",IF(I42<=90,"Due <90 days","Current")))) -> Current
A43: QA-SOP-CMP-01 | B43: Master Complaints Log | C43: Quality Assurance | D43: Director of Quality (Complaints Officer maintains) | E43: CEO Shauna Delaney | F43: Current | I43: =IF(H43="","",H43-TODAY()) | J43: =IF(H43="","No review date",IF(I43<0,"OVERDUE",IF(I43<=30,"Due <30 days",IF(I43<=90,"Due <90 days","Current")))) -> No review date
A44: IM-05 | B44: Management of Personal Data in line with Data Protection Requirements (incorporating GDPR) | C44: Information Management | D44: Director of Operations | E44: CEO Shauna Delaney | F44: Current | H44: 47142 | I44: =IF(H44="","",H44-TODAY()) -> 984 | J44: =IF(H44="","No review date",IF(I44<0,"OVERDUE",IF(I44<=30,"Due <30 days",IF(I44<=90,"Due <90 days","Current")))) -> Current
A45: IM-30 | B45: Record Keeping Policy and Procedure | C45: Information Management | D45: Director of Quality | E45: CEO Shauna Delaney | F45: Current | H45: 47146 | I45: =IF(H45="","",H45-TODAY()) -> 988 | J45: =IF(H45="","No review date",IF(I45<0,"OVERDUE",IF(I45<=30,"Due <30 days",IF(I45<=90,"Due <90 days","Current")))) -> Current

Sheet Summary
B2: Document Control — Summary
B4: Total policies | C4: =COUNTA('Document Register'!A4:A45) -> 42
B5: Policies marked Current | C5: =COUNTIF('Document Register'!J4:J45,"Current") -> 41
B6: Policies due in 90 days | C6: =COUNTIF('Document Register'!J4:J45,"Due <90 days")+COUNTIF('Document Register'!J4:J45,"Due <30 days") -> 0
B7: Policies overdue for review | C7: =COUNTIF('Document Register'!J4:J45,"OVERDUE") -> 0
B8: % policies with review date | C8: =IFERROR(COUNT('Document Register'!H4:H45)/C4,0) -> 0.97619048
B10: By section
B11: Governance | C11: =COUNTIF('Document Register'!C4:C45,"Governance") -> 7
B12: Care | C12: =COUNTIF('Document Register'!C4:C45,"Care") -> 10
B13: Health & Safety | C13: =COUNTIF('Document Register'!C4:C45,"Health & Safety") -> 12
B14: HR | C14: =COUNTIF('Document Register'!C4:C45,"HR") -> 4
B15: Quality Assurance | C15: =COUNTIF('Document Register'!C4:C45,"Quality Assurance") -> 7
B16: Information Management | C16: =COUNTIF('Document Register'!C4:C45,"Information Management") -> 2
B17: How to use
B18: • Enter the Effective From and Review Due dates from each approved policy header.
B19: • Status auto-calculates: Current / Due <90 days / Due <30 days / OVERDUE.
B20: • Update Staff sign-off % monthly from your induction and refresher records.
B21: • Use AutoFilter on the register tab to view by section or status.
B22: • Bring this register to every CGC meeting — overdue review = an open QIP.
